[
  {"_id":"p1","title":"Nike Running","description":"Comfortable Running shoe.","price":1999.00,"image_url":"/images/PR1.jpg","stock":10},
  {"_id":"p2","title":"Adidas Running","description":"Comfortable Running shoe.","price":2999.00,"image_url":"/images/PR1.jpg","stock":15},
  {"_id":"p3","title":"Puma Running","description":"Comfortable Running shoe.","price":3999.00,"image_url":"/images/PR1.jpg","stock":20},
  {"_id":"p4","title":"Reebok Running","description":"Comfortable Running shoe.","price":4999.00,"image_url":"/images/PR1.jpg","stock":25},
  {"_id":"p5","title":"Asics Running","description":"Comfortable Running shoe.","price":5999.00,"image_url":"/images/PR1.jpg","stock":30},
  {"_id":"p6","title":"New Balance Running","description":"Comfortable Running shoe.","price":6999.00,"image_url":"/images/PR1.jpg","stock":35}
  
]
